campaign,channel,ad_set_or_group,audience,language,message,format,creative,primary_text_id,headline_id,destination,utm_content,optimization,initial_budget_share,status,local_review,owner,notes
clarity_ma_pilot_meta,meta,broad_ma_fr,broad Morocco contextual,fr,calm,feed,assets/meta/01-calm-plan-fr-feed.png,A1,A1,https://smartjib.app/,calm_feed_fr_v1,activated_budget_when_ready,16.7%,paused,not_required,,Equal message-cell start
clarity_ma_pilot_meta,meta,broad_ma_fr,broad Morocco contextual,fr,purpose_place,feed,assets/meta/02-purpose-place-fr-feed.png,B1,B1,https://smartjib.app/features/track-bank-home-wallet,purpose_place_feed_fr_v1,activated_budget_when_ready,16.7%,paused,not_required,,
clarity_ma_pilot_meta,meta,broad_ma_fr,broad Morocco contextual,fr,private,feed,assets/meta/03-private-fr-feed.png,C1,C1,https://smartjib.app/features/no-bank-connection,private_feed_fr_v1,activated_budget_when_ready,16.7%,paused,not_required,,
clarity_ma_pilot_meta,meta,broad_ma_ar,broad Morocco contextual,ar,calm,feed,assets/meta/04-calm-plan-ar-feed.png,A3,A3,https://smartjib.app/,calm_feed_ar_v1,activated_budget_when_ready,16.7%,paused,required,,Do not launch before review
clarity_ma_pilot_meta,meta,broad_ma_fr,broad Morocco contextual,fr,calm,story,assets/meta/05-calm-plan-fr-story.png,A1,A1,https://smartjib.app/,calm_story_fr_v1,activated_budget_when_ready,16.6%,paused,not_required,,Format test after message readout
clarity_ma_pilot_meta,meta,broad_ma_ar,broad Morocco contextual,ar,calm,story,assets/meta/06-calm-plan-ar-story.png,A3,A3,https://smartjib.app/,calm_story_ar_v1,activated_budget_when_ready,16.6%,paused,required,,Format test after message readout
clarity_ma_pilot_search,search,budget_mad_fr,high-intent budget MAD,fr,mad,search,,D1,D1,https://smartjib.app/features/multi-currency-mad,mad_search_fr_v1,activated_budget_when_ready,40%,paused,not_required,,Validate keywords live
clarity_ma_pilot_search,search,budget_cash_fr,high-intent cash tracking,fr,purpose_place,search,,D2,D2,https://smartjib.app/features/track-bank-home-wallet,purpose_place_search_fr_v1,activated_budget_when_ready,30%,paused,not_required,,Validate keywords live
clarity_ma_pilot_search,search,private_manual_fr,high-intent no-bank connection,fr,private,search,,D3,D3,https://smartjib.app/features/no-bank-connection,private_search_fr_v1,activated_budget_when_ready,30%,paused,not_required,,Validate keywords live
